{
  "display": {
    "icon": {
      "id": "concoction:mint"
    },
    "title": {
      "translate": "advancements.brain_freeze_obtain_achievement.title"
    },
    "description": {
      "translate": "advancements.brain_freeze_obtain_achievement.descr"
    },
    "frame": "task",
    "show_toast": true,
    "announce_to_chat": true,
    "hidden": false
  },
  "criteria": {
    "brain_freeze_obtain_achievement_0": {
      "trigger": "minecraft:impossible"
    }
  },
  "parent": "minecraft:husbandry/plant_seed"
}