{
    "textures": {
        "particle": "concoction:block/cake_side",
        "bottom": "concoction:block/cake_bottom",
        "top": "concoction:block/cake_top",
        "side": "concoction:block/cake_side",
        "inside": "concoction:block/cake_slice"
    },
    "elements": [
        {   "from": [ 7, 0, 1 ],
            "to": [ 15, 8, 15 ],
            "faces": {
                "down":  { "texture": "#bottom", "cullface": "down" },
                "up":    { "texture": "#top" },
                "north": { "texture": "#side" },
                "south": { "texture": "#side" },
                "west":  { "texture": "#inside" },
                "east":  { "texture": "#side" }
            }
        }
    ]
}
