{
  "elements": [
    {
      "from": [
        13,
        0,
        1
      ],
      "to": [
        15,
        8,
        15
      ],
      "faces": {
        "down": {
          "texture": "#bottom",
          "cullface": "down"
        },
        "up": {
          "texture": "#top"
        },
        "north": {
          "texture": "#side"
        },
        "south": {
          "texture": "#side"
        },
        "west": {
          "texture": "#inside"
        },
        "east": {
          "texture": "#side"
        }
      }
    }
  ]
}