{
  "_fv": 60,
  "_type": "plant",
  "definition": {
    "renderType": 12,
    "texture": "mint_top",
    "textureBottom": "mint_bottom",
    "customModelName": "Cross model",
    "itemTexture": "mint_item",
    "particleTexture": "",
    "tintType": "No tint",
    "isItemTinted": false,
    "plantType": "double",
    "suspiciousStewEffect": "SPEED",
    "suspiciousStewDuration": 100,
    "growapableSpawnType": "Plains",
    "growapableMaxHeight": 3,
    "customBoundingBox": false,
    "disableOffset": false,
    "boundingBoxes": [
      {
        "mx": 0.0,
        "my": 0.0,
        "mz": 0.0,
        "Mx": 16.0,
        "My": 16.0,
        "Mz": 16.0,
        "subtract": false
      }
    ],
    "name": "Mint",
    "specialInformation": {
      "fixedValue": []
    },
    "creativeTab": {
      "value": "No creative tab entry"
    },
    "hardness": 0.0,
    "resistance": 0.0,
    "luminance": 0,
    "unbreakable": false,
    "isSolid": false,
    "isCustomSoundType": false,
    "soundOnStep": {
      "value": "PLANT"
    },
    "breakSound": {
      "value": ""
    },
    "stepSound": {
      "value": ""
    },
    "placeSound": {
      "value": ""
    },
    "hitSound": {
      "value": ""
    },
    "fallSound": {
      "value": ""
    },
    "useLootTableForDrops": false,
    "customDrop": {
      "value": "Blocks.AIR"
    },
    "dropAmount": 0,
    "forceTicking": false,
    "emissiveRendering": false,
    "hasTileEntity": false,
    "isReplaceable": false,
    "colorOnMap": "FOLIAGE",
    "creativePickItem": {
      "value": ""
    },
    "offsetType": "NONE",
    "aiPathNodeType": "DEFAULT",
    "flammability": 100,
    "fireSpreadSpeed": 60,
    "jumpFactor": 1.0,
    "speedFactor": 1.0,
    "canBePlacedOn": [],
    "isBonemealable": false,
    "frequencyOnChunks": 1,
    "generateFeature": true,
    "restrictionBiomes": [
      {
        "value": "cherry_grove"
      },
      {
        "value": "meadow"
      },
      {
        "value": "plains"
      },
      {
        "value": "mutated_plains"
      }
    ],
    "generationType": "Flower",
    "patchSize": 64,
    "generateAtAnyHeight": false,
    "onRandomUpdateEvent": {
      "name": "MintOnTickUpdate"
    },
    "onDestroyedByPlayer": {
      "name": "MintPlantDestroyedByPlayer"
    },
    "onDestroyedByExplosion": {
      "name": "MintPlantDestroyedByExplosion"
    }
  }
}