{
  "_fv": 60,
  "_type": "particle",
  "definition": {
    "texture": "mint_particle2.png",
    "animate": false,
    "frameDuration": 1,
    "width": 0.1,
    "height": 0.1,
    "scale": 1.0,
    "speedFactor": 0.1,
    "gravity": 0.19999999999999998,
    "maxAge": 60,
    "maxAgeDiff": 40,
    "angularVelocity": 0.1,
    "angularAcceleration": 0.0,
    "canCollide": true,
    "alwaysShow": false,
    "renderType": "OPAQUE",
    "additionalExpiryCondition": {
      "name": "MintLeafParticleVariant1AdditionalParticleExpiryCondition"
    }
  }
}