{
  "_fv": 69,
  "_type": "recipe",
  "definition": {
    "recipeType": "Crafting",
    "recipeRetstackSize": 8,
    "group": "yellow_pillow",
    "cookingBookCategory": "MISC",
    "xpReward": 0.0,
    "cookingTime": 200,
    "craftingBookCategory": "MISC",
    "recipeShapeless": true,
    "recipeSlots": [
      {
        "value": "Items.DYE#11"
      },
      {
        "value": "CUSTOM:PillowBlock"
      },
      {
        "value": "CUSTOM:PillowBlock"
      },
      {
        "value": "CUSTOM:PillowBlock"
      },
      {
        "value": "CUSTOM:PillowBlock"
      },
      {
        "value": "CUSTOM:PillowBlock"
      },
      {
        "value": "CUSTOM:PillowBlock"
      },
      {
        "value": "CUSTOM:PillowBlock"
      },
      {
        "value": "CUSTOM:PillowBlock"
      }
    ],
    "recipeReturnStack": {
      "value": "CUSTOM:YellowPillowBlock"
    },
    "name": "colored_pillow_block_4",
    "namespace": "mod"
  }
}