{
  "_fv": 69,
  "_type": "recipe",
  "definition": {
    "recipeType": "Crafting",
    "recipeRetstackSize": 4,
    "group": "pillow_block",
    "cookingBookCategory": "MISC",
    "xpReward": 0.0,
    "cookingTime": 200,
    "craftingBookCategory": "MISC",
    "recipeShapeless": false,
    "recipeSlots": [
      {
        "value": "CUSTOM:Fabric"
      },
      {
        "value": "CUSTOM:Fabric"
      },
      {
        "value": "CUSTOM:Fabric"
      },
      {
        "value": "CUSTOM:Fabric"
      },
      {
        "value": "Items.FEATHER"
      },
      {
        "value": "CUSTOM:Fabric"
      },
      {
        "value": "CUSTOM:Fabric"
      },
      {
        "value": "CUSTOM:Fabric"
      },
      {
        "value": "CUSTOM:Fabric"
      }
    ],
    "recipeReturnStack": {
      "value": "CUSTOM:PillowBlock"
    },
    "name": "pillow_block_craft_1",
    "namespace": "mod"
  }
}