{
  "_fv": 66,
  "_type": "achievement",
  "definition": {
    "achievementName": "Brain Freeze",
    "achievementDescription": "Get the Brain Freeze after drinking Water Bottle or any Potion while under Freshness effect",
    "achievementIcon": {
      "value": "CUSTOM:MintBrew"
    },
    "background": "Default",
    "disableDisplay": false,
    "showPopup": true,
    "announceToChat": true,
    "hideIfNotCompleted": false,
    "rewardLoot": [],
    "rewardRecipes": [],
    "rewardFunction": "No function",
    "rewardXP": 0,
    "achievementType": "task",
    "parent": {
      "value": "husbandry/plant_seed"
    },
    "triggerxml": "<xml xmlns=\"https://developers.google.com/blockly/xml\"><block type=\"advancement_trigger\" deletable=\"false\" x=\"40\" y=\"80\"><next><block type=\"custom_trigger\"></block></next></block></xml>"
  }
}