{
  "_fv": 66,
  "_type": "recipe",
  "definition": {
    "recipeType": "Crafting",
    "recipeRetstackSize": 8,
    "group": "gray_pillow",
    "cookingBookCategory": "MISC",
    "xpReward": 0.0,
    "cookingTime": 200,
    "craftingBookCategory": "MISC",
    "recipeShapeless": true,
    "recipeSlots": [
      {
        "value": "Items.DYE#8"
      },
      {
        "value": "CUSTOM:PillowBlock"
      },
      {
        "value": "CUSTOM:PillowBlock"
      },
      {
        "value": "CUSTOM:PillowBlock"
      },
      {
        "value": "CUSTOM:PillowBlock"
      },
      {
        "value": "CUSTOM:PillowBlock"
      },
      {
        "value": "CUSTOM:PillowBlock"
      },
      {
        "value": "CUSTOM:PillowBlock"
      },
      {
        "value": "CUSTOM:PillowBlock"
      }
    ],
    "recipeReturnStack": {
      "value": "CUSTOM:GrayPillowBlock"
    },
    "name": "colored_pillow_block_14",
    "namespace": "mod"
  }
}