{
  "_fv": 66,
  "_type": "villagertrade",
  "definition": {
    "tradeEntries": [
      {
        "villagerProfession": {
          "value": "LEATHERWORKER"
        },
        "entries": [
          {
            "price1": {
              "value": "Items.EMERALD"
            },
            "countPrice1": 3,
            "price2": {
              "value": ""
            },
            "countPrice2": 1,
            "offer": {
              "value": "CUSTOM:Fabric"
            },
            "countOffer": 8,
            "level": 4,
            "maxTrades": 10,
            "xp": 5,
            "priceMultiplier": 0.15000000000000002
          }
        ]
      }
    ]
  }
}