{
  "_fv": 66,
  "_type": "recipe",
  "definition": {
    "recipeType": "Crafting",
    "recipeRetstackSize": 3,
    "group": "gunpowder",
    "cookingBookCategory": "MISC",
    "xpReward": 0.0,
    "cookingTime": 200,
    "craftingBookCategory": "MISC",
    "recipeShapeless": true,
    "recipeSlots": [
      {
        "value": "Items.COAL#1"
      },
      {
        "value": "CUSTOM:Cherry"
      },
      {
        "value": ""
      },
      {
        "value": "CUSTOM:Cherry"
      },
      {
        "value": "Items.DYE#15"
      },
      {
        "value": ""
      },
      {
        "value": ""
      },
      {
        "value": ""
      },
      {
        "value": ""
      }
    ],
    "recipeReturnStack": {
      "value": "Items.GUNPOWDER"
    },
    "name": "gunpowder_craft",
    "namespace": "mod"
  }
}