{
  "type": "minecraft:crafting_shapeless",
  "group": "gray_pillow",
  "category": "misc",
  "ingredients": [
    {
      "item": "minecraft:gray_dye"
    },
    {
      "item": "concoction:pillow_block"
    },
    {
      "item": "concoction:pillow_block"
    },
    {
      "item": "concoction:pillow_block"
    },
    {
      "item": "concoction:pillow_block"
    },
    {
      "item": "concoction:pillow_block"
    },
    {
      "item": "concoction:pillow_block"
    },
    {
      "item": "concoction:pillow_block"
    },
    {
      "item": "concoction:pillow_block"
    }
  ],
  "result": {
    "id": "concoction:gray_pillow_block",
    "count": 8
  }
}